Frame Type;Manufacturer;ID;Version;Device Type;TPL-Config;Access Number;Status;Encryption;IV,0,0,0,,Date/Time;IV,0,0,0,,Units HCA;IV,1,0,0,,Date;IV,1,0,0,,Units HCA;IV,2,0,0,,Date;IV,2,0,0,,Units HCA;IV,3,0,0,,Units HCA;IV,4,0,0,,Units HCA;IV,5,0,0,,Units HCA;IV,6,0,0,,Units HCA;IV,7,0,0,,Units HCA;IV,8,0,0,,Units HCA;IV,9,0,0,,Units HCA;IV,10,0,0,,Units HCA;IV,11,0,0,,Units HCA;IV,12,0,0,,Units HCA;IV,13,0,0,,Units HCA;IV,14,0,0,,Units HCA;IV,15,0,0,,Units HCA;IV,16,0,0,,Units HCA;IV,17,0,0,,Units HCA;IV,18,0,0,,Units HCA;IV,19,0,0,,Units HCA;IV,20,0,0,,Units HCA;IV,21,0,0,,Units HCA;IV,22,0,0,,Units HCA;IV,23,0,0,,Units HCA;IV,24,0,0,,Units HCA;IV,25,0,0,,Units HCA;IV,26,0,0,,Units HCA;IV,27,0,0,,Units HCA;IV,28,0,0,,Units HCA;IV,29,0,0,,Units HCA;IV,30,0,0,,Units HCA;IV,31,0,0,,Units HCA;ErrorV,0,0,0,,ManufacturerSpecific;ErrorV,0,0,0,,Date/Time;
SND_NR;EFE;21116060;31h;HCA;Response,Uplink,TPL=S,M-Bus;221;00h;5;11.05.2023 09:00 invalid 0 summer time 0;142;00.00.00;0;15.02.22;0;0;0;0;0;0;0;0;0;0;0;0;0;0;0;0;0;0;0;0;0;0;4;76;20;14;15;3;7;3;0;00.00.2000 00:00 invalid 0 summer time 0;
Frame Type;Manufacturer;ID;Version;Device Type;TPL-Config;Access Number;Status;Encryption;IV,0,0,0,,Date/Time;IV,0,0,0,,Units HCA;IV,1,0,0,,Date;IV,1,0,0,,Units HCA;IV,2,0,0,,Date;IV,2,0,0,,Units HCA;IV,3,0,0,,Units HCA;IV,4,0,0,,Units HCA;IV,5,0,0,,Units HCA;IV,6,0,0,,Units HCA;IV,7,0,0,,Units HCA;IV,8,0,0,,Units HCA;IV,9,0,0,,Units HCA;IV,10,0,0,,Units HCA;IV,11,0,0,,Units HCA;IV,12,0,0,,Units HCA;IV,13,0,0,,Units HCA;IV,14,0,0,,Units HCA;IV,15,0,0,,Units HCA;IV,16,0,0,,Units HCA;IV,17,0,0,,Units HCA;IV,18,0,0,,Units HCA;IV,19,0,0,,Units HCA;IV,20,0,0,,Units HCA;IV,21,0,0,,Units HCA;IV,22,0,0,,Units HCA;IV,23,0,0,,Units HCA;IV,24,0,0,,Units HCA;IV,25,0,0,,Units HCA;IV,26,0,0,,Units HCA;IV,27,0,0,,Units HCA;IV,28,0,0,,Units HCA;IV,29,0,0,,Units HCA;IV,30,0,0,,Units HCA;IV,31,0,0,,Units HCA;ErrorV,0,0,0,,ManufacturerSpecific;ErrorV,0,0,0,,Date/Time;
SND_NR;EFE;11291051;31h;HCA;Response,Uplink,TPL=S,M-Bus;51;0Bh;5;11.05.2023 08:59 invalid 0 summer time 0;95;00.00.00;0;15.02.22;0;0;0;0;0;0;0;0;0;0;0;0;0;0;0;0;0;0;0;0;0;0;0;13;4;16;23;13;14;10;8;17.01.2023 18:10 invalid 0 summer time 0;
Frame Type;Manufacturer;ID;Version;Device Type;TPL-Config;Access Number;Status;Encryption;IV,0,0,0,,Date/Time;IV,0,0,0,,Units HCA;IV,1,0,0,,Date;IV,1,0,0,,Units HCA;IV,2,0,0,,Date;IV,2,0,0,,Units HCA;IV,3,0,0,,Units HCA;IV,4,0,0,,Units HCA;IV,5,0,0,,Units HCA;IV,6,0,0,,Units HCA;IV,7,0,0,,Units HCA;IV,8,0,0,,Units HCA;IV,9,0,0,,Units HCA;IV,10,0,0,,Units HCA;IV,11,0,0,,Units HCA;IV,12,0,0,,Units HCA;IV,13,0,0,,Units HCA;IV,14,0,0,,Units HCA;IV,15,0,0,,Units HCA;IV,16,0,0,,Units HCA;IV,17,0,0,,Units HCA;IV,18,0,0,,Units HCA;IV,19,0,0,,Units HCA;IV,20,0,0,,Units HCA;IV,21,0,0,,Units HCA;IV,22,0,0,,Units HCA;IV,23,0,0,,Units HCA;IV,24,0,0,,Units HCA;IV,25,0,0,,Units HCA;IV,26,0,0,,Units HCA;IV,27,0,0,,Units HCA;IV,28,0,0,,Units HCA;IV,29,0,0,,Units HCA;IV,30,0,0,,Units HCA;IV,31,0,0,,Units HCA;ErrorV,0,0,0,,ManufacturerSpecific;ErrorV,0,0,0,,Date/Time;
SND_NR;EFE;21116070;31h;HCA;Response,Uplink,TPL=S,M-Bus;29;00h;5;11.05.2023 09:01 invalid 0 summer time 0;76;00.00.00;0;15.02.22;0;0;0;0;0;0;0;0;0;0;0;0;0;0;0;0;0;0;0;0;0;0;2;26;7;7;20;3;4;5;0;00.00.2000 00:00 invalid 0 summer time 0;
Frame Type;Manufacturer;ID;Version;Device Type;TPL-Config;Access Number;Status;Encryption;IV,0,0,0,,Date/Time;IV,0,0,0,,Units HCA;IV,1,0,0,,Date;IV,1,0,0,,Units HCA;IV,2,0,0,,Date;IV,2,0,0,,Units HCA;IV,3,0,0,,Units HCA;IV,4,0,0,,Units HCA;IV,5,0,0,,Units HCA;IV,6,0,0,,Units HCA;IV,7,0,0,,Units HCA;IV,8,0,0,,Units HCA;IV,9,0,0,,Units HCA;IV,10,0,0,,Units HCA;IV,11,0,0,,Units HCA;IV,12,0,0,,Units HCA;IV,13,0,0,,Units HCA;IV,14,0,0,,Units HCA;IV,15,0,0,,Units HCA;IV,16,0,0,,Units HCA;IV,17,0,0,,Units HCA;IV,18,0,0,,Units HCA;IV,19,0,0,,Units HCA;IV,20,0,0,,Units HCA;IV,21,0,0,,Units HCA;IV,22,0,0,,Units HCA;IV,23,0,0,,Units HCA;IV,24,0,0,,Units HCA;IV,25,0,0,,Units HCA;IV,26,0,0,,Units HCA;IV,27,0,0,,Units HCA;IV,28,0,0,,Units HCA;IV,29,0,0,,Units HCA;IV,30,0,0,,Units HCA;IV,31,0,0,,Units HCA;ErrorV,0,0,0,,ManufacturerSpecific;ErrorV,0,0,0,,Date/Time;
SND_NR;EFE;21116066;31h;HCA;Response,Uplink,TPL=S,M-Bus;150;00h;5;11.05.2023 08:58 invalid 0 summer time 0;72;00.00.00;0;15.02.22;0;0;0;0;0;0;0;0;0;0;0;0;0;0;0;0;0;0;0;0;0;0;0;9;19;16;20;2;6;0;0;00.00.2000 00:00 invalid 0 summer time 0;
Frame Type;Manufacturer;ID;Version;Device Type;TPL-Config;Access Number;Status;Encryption;IV,0,0,0,,Date/Time;IV,0,0,0,,Units HCA;IV,1,0,0,,Date;IV,1,0,0,,Units HCA;IV,2,0,0,,Date;IV,2,0,0,,Units HCA;IV,3,0,0,,Units HCA;IV,4,0,0,,Units HCA;IV,5,0,0,,Units HCA;IV,6,0,0,,Units HCA;IV,7,0,0,,Units HCA;IV,8,0,0,,Units HCA;IV,9,0,0,,Units HCA;IV,10,0,0,,Units HCA;IV,11,0,0,,Units HCA;IV,12,0,0,,Units HCA;IV,13,0,0,,Units HCA;IV,14,0,0,,Units HCA;IV,15,0,0,,Units HCA;IV,16,0,0,,Units HCA;IV,17,0,0,,Units HCA;IV,18,0,0,,Units HCA;IV,19,0,0,,Units HCA;IV,20,0,0,,Units HCA;IV,21,0,0,,Units HCA;IV,22,0,0,,Units HCA;IV,23,0,0,,Units HCA;IV,24,0,0,,Units HCA;IV,25,0,0,,Units HCA;IV,26,0,0,,Units HCA;IV,27,0,0,,Units HCA;IV,28,0,0,,Units HCA;IV,29,0,0,,Units HCA;IV,30,0,0,,Units HCA;IV,31,0,0,,Units HCA;ErrorV,0,0,0,,ManufacturerSpecific;ErrorV,0,0,0,,Date/Time;
SND_NR;EFE;21116048;31h;HCA;Response,Uplink,TPL=S,M-Bus;248;00h;5;11.05.2023 09:00 invalid 0 summer time 0;40;00.00.00;0;15.02.22;0;0;0;0;0;0;0;0;0;0;0;0;0;0;0;0;0;0;0;0;0;0;0;9;7;2;13;1;3;5;0;00.00.2000 00:00 invalid 0 summer time 0;
Frame Type;Manufacturer;ID;Version;Device Type;TPL-Config;Access Number;Status;Encryption;IV,0,0,0,,Date/Time;IV,0,0,0,,Units HCA;IV,1,0,0,,Date;IV,1,0,0,,Units HCA;IV,2,0,0,,Date;IV,2,0,0,,Units HCA;IV,3,0,0,,Units HCA;IV,4,0,0,,Units HCA;IV,5,0,0,,Units HCA;IV,6,0,0,,Units HCA;IV,7,0,0,,Units HCA;IV,8,0,0,,Units HCA;IV,9,0,0,,Units HCA;IV,10,0,0,,Units HCA;IV,11,0,0,,Units HCA;IV,12,0,0,,Units HCA;IV,13,0,0,,Units HCA;IV,14,0,0,,Units HCA;IV,15,0,0,,Units HCA;IV,16,0,0,,Units HCA;IV,17,0,0,,Units HCA;IV,18,0,0,,Units HCA;IV,19,0,0,,Units HCA;IV,20,0,0,,Units HCA;IV,21,0,0,,Units HCA;IV,22,0,0,,Units HCA;IV,23,0,0,,Units HCA;IV,24,0,0,,Units HCA;IV,25,0,0,,Units HCA;IV,26,0,0,,Units HCA;IV,27,0,0,,Units HCA;IV,28,0,0,,Units HCA;IV,29,0,0,,Units HCA;IV,30,0,0,,Units HCA;IV,31,0,0,,Units HCA;ErrorV,0,0,0,,ManufacturerSpecific;ErrorV,0,0,0,,Date/Time;
SND_NR;EFE;11291054;31h;HCA;Response,Uplink,TPL=S,M-Bus;95;00h;5;11.05.2023 08:59 invalid 0 summer time 0;6;00.00.00;0;15.02.22;0;0;0;0;0;0;0;0;0;0;0;0;0;0;0;0;0;0;0;0;0;0;0;0;3;3;0;0;0;0;0;00.00.2000 00:00 invalid 0 summer time 0;
Frame Type;Manufacturer;ID;Version;Device Type;TPL-Config;Access Number;Status;Encryption;IV,0,0,0,,Date/Time;IV,0,0,0,,Units HCA;IV,1,0,0,,Date;IV,1,0,0,,Units HCA;IV,2,0,0,,Date;IV,2,0,0,,Units HCA;IV,3,0,0,,Units HCA;IV,4,0,0,,Units HCA;IV,5,0,0,,Units HCA;IV,6,0,0,,Units HCA;IV,7,0,0,,Units HCA;IV,8,0,0,,Units HCA;IV,9,0,0,,Units HCA;IV,10,0,0,,Units HCA;IV,11,0,0,,Units HCA;IV,12,0,0,,Units HCA;IV,13,0,0,,Units HCA;IV,14,0,0,,Units HCA;IV,15,0,0,,Units HCA;IV,16,0,0,,Units HCA;IV,17,0,0,,Units HCA;IV,18,0,0,,Units HCA;IV,19,0,0,,Units HCA;IV,20,0,0,,Units HCA;IV,21,0,0,,Units HCA;IV,22,0,0,,Units HCA;IV,23,0,0,,Units HCA;IV,24,0,0,,Units HCA;IV,25,0,0,,Units HCA;IV,26,0,0,,Units HCA;IV,27,0,0,,Units HCA;IV,28,0,0,,Units HCA;IV,29,0,0,,Units HCA;IV,30,0,0,,Units HCA;IV,31,0,0,,Units HCA;ErrorV,0,0,0,,ManufacturerSpecific;ErrorV,0,0,0,,Date/Time;
SND_NR;EFE;21116042;31h;HCA;Response,Uplink,TPL=S,M-Bus;160;00h;5;11.05.2023 09:00 invalid 0 summer time 0;43;00.00.00;0;15.02.22;0;0;0;0;0;0;0;0;0;0;0;0;0;0;0;0;0;0;0;0;0;0;0;2;15;3;20;3;0;0;0;00.00.2000 00:00 invalid 0 summer time 0;
Frame Type;Manufacturer;ID;Version;Device Type;TPL-Config;Access Number;Status;Encryption;IV,0,0,0,,Date/Time;IV,0,0,0,,Units HCA;IV,1,0,0,,Date;IV,1,0,0,,Units HCA;IV,2,0,0,,Date;IV,2,0,0,,Units HCA;IV,3,0,0,,Units HCA;IV,4,0,0,,Units HCA;IV,5,0,0,,Units HCA;IV,6,0,0,,Units HCA;IV,7,0,0,,Units HCA;IV,8,0,0,,Units HCA;IV,9,0,0,,Units HCA;IV,10,0,0,,Units HCA;IV,11,0,0,,Units HCA;IV,12,0,0,,Units HCA;IV,13,0,0,,Units HCA;IV,14,0,0,,Units HCA;IV,15,0,0,,Units HCA;IV,16,0,0,,Units HCA;IV,17,0,0,,Units HCA;IV,18,0,0,,Units HCA;IV,19,0,0,,Units HCA;IV,20,0,0,,Units HCA;IV,21,0,0,,Units HCA;IV,22,0,0,,Units HCA;IV,23,0,0,,Units HCA;IV,24,0,0,,Units HCA;IV,25,0,0,,Units HCA;IV,26,0,0,,Units HCA;IV,27,0,0,,Units HCA;IV,28,0,0,,Units HCA;IV,29,0,0,,Units HCA;IV,30,0,0,,Units HCA;IV,31,0,0,,Units HCA;ErrorV,0,0,0,,ManufacturerSpecific;ErrorV,0,0,0,,Date/Time;
SND_NR;EFE;21116052;31h;HCA;Response,Uplink,TPL=S,M-Bus;99;00h;5;11.05.2023 09:00 invalid 0 summer time 0;45;00.00.00;0;15.02.22;0;0;0;0;0;0;0;0;0;0;0;0;0;0;0;0;0;0;0;0;0;0;0;2;19;2;13;5;2;2;0;00.00.2000 00:00 invalid 0 summer time 0;
Frame Type;Manufacturer;ID;Version;Device Type;TPL-Config;Access Number;Status;Encryption;IV,0,0,0,,Date/Time;IV,0,0,0,,Units HCA;IV,1,0,0,,Date;IV,1,0,0,,Units HCA;IV,2,0,0,,Date;IV,2,0,0,,Units HCA;IV,3,0,0,,Units HCA;IV,4,0,0,,Units HCA;IV,5,0,0,,Units HCA;IV,6,0,0,,Units HCA;IV,7,0,0,,Units HCA;IV,8,0,0,,Units HCA;IV,9,0,0,,Units HCA;IV,10,0,0,,Units HCA;IV,11,0,0,,Units HCA;IV,12,0,0,,Units HCA;IV,13,0,0,,Units HCA;IV,14,0,0,,Units HCA;IV,15,0,0,,Units HCA;IV,16,0,0,,Units HCA;IV,17,0,0,,Units HCA;IV,18,0,0,,Units HCA;IV,19,0,0,,Units HCA;IV,20,0,0,,Units HCA;IV,21,0,0,,Units HCA;IV,22,0,0,,Units HCA;IV,23,0,0,,Units HCA;IV,24,0,0,,Units HCA;IV,25,0,0,,Units HCA;IV,26,0,0,,Units HCA;IV,27,0,0,,Units HCA;IV,28,0,0,,Units HCA;IV,29,0,0,,Units HCA;IV,30,0,0,,Units HCA;IV,31,0,0,,Units HCA;ErrorV,0,0,0,,ManufacturerSpecific;ErrorV,0,0,0,,Date/Time;
SND_NR;EFE;11291056;31h;HCA;Response,Uplink,TPL=S,M-Bus;95;00h;5;11.05.2023 08:59 invalid 0 summer time 0;6;00.00.00;0;15.02.22;0;0;0;0;0;0;0;0;0;0;0;0;0;0;0;0;0;0;0;0;0;0;0;0;2;1;3;0;0;0;0;00.00.2000 00:00 invalid 0 summer time 0;
Frame Type;Manufacturer;ID;Version;Device Type;TPL-Config;Access Number;Status;Encryption;IV,0,0,0,,Date/Time;IV,0,0,0,,Units HCA;IV,1,0,0,,Date;IV,1,0,0,,Units HCA;IV,2,0,0,,Date;IV,2,0,0,,Units HCA;IV,3,0,0,,Units HCA;IV,4,0,0,,Units HCA;IV,5,0,0,,Units HCA;IV,6,0,0,,Units HCA;IV,7,0,0,,Units HCA;IV,8,0,0,,Units HCA;IV,9,0,0,,Units HCA;IV,10,0,0,,Units HCA;IV,11,0,0,,Units HCA;IV,12,0,0,,Units HCA;IV,13,0,0,,Units HCA;IV,14,0,0,,Units HCA;IV,15,0,0,,Units HCA;IV,16,0,0,,Units HCA;IV,17,0,0,,Units HCA;IV,18,0,0,,Units HCA;IV,19,0,0,,Units HCA;IV,20,0,0,,Units HCA;IV,21,0,0,,Units HCA;IV,22,0,0,,Units HCA;IV,23,0,0,,Units HCA;IV,24,0,0,,Units HCA;IV,25,0,0,,Units HCA;IV,26,0,0,,Units HCA;IV,27,0,0,,Units HCA;IV,28,0,0,,Units HCA;IV,29,0,0,,Units HCA;IV,30,0,0,,Units HCA;IV,31,0,0,,Units HCA;ErrorV,0,0,0,,ManufacturerSpecific;ErrorV,0,0,0,,Date/Time;
SND_NR;EFE;21116071;31h;HCA;Response,Uplink,TPL=S,M-Bus;88;00h;5;11.05.2023 08:59 invalid 0 summer time 0;34;00.00.00;0;15.02.22;0;0;0;0;0;0;0;0;0;0;0;0;0;0;0;0;0;0;0;0;0;0;1;15;4;8;1;4;1;0;0;00.00.2000 00:00 invalid 0 summer time 0;
Frame Type;Manufacturer;ID;Version;Device Type;TPL-Config;Access Number;Status;Encryption;IV,0,0,0,,Date/Time;IV,0,0,0,,Units HCA;IV,1,0,0,,Date;IV,1,0,0,,Units HCA;IV,2,0,0,,Date;IV,2,0,0,,Units HCA;IV,3,0,0,,Units HCA;IV,4,0,0,,Units HCA;IV,5,0,0,,Units HCA;IV,6,0,0,,Units HCA;IV,7,0,0,,Units HCA;IV,8,0,0,,Units HCA;IV,9,0,0,,Units HCA;IV,10,0,0,,Units HCA;IV,11,0,0,,Units HCA;IV,12,0,0,,Units HCA;IV,13,0,0,,Units HCA;IV,14,0,0,,Units HCA;IV,15,0,0,,Units HCA;IV,16,0,0,,Units HCA;IV,17,0,0,,Units HCA;IV,18,0,0,,Units HCA;IV,19,0,0,,Units HCA;IV,20,0,0,,Units HCA;IV,21,0,0,,Units HCA;IV,22,0,0,,Units HCA;IV,23,0,0,,Units HCA;IV,24,0,0,,Units HCA;IV,25,0,0,,Units HCA;IV,26,0,0,,Units HCA;IV,27,0,0,,Units HCA;IV,28,0,0,,Units HCA;IV,29,0,0,,Units HCA;IV,30,0,0,,Units HCA;IV,31,0,0,,Units HCA;ErrorV,0,0,0,,ManufacturerSpecific;ErrorV,0,0,0,,Date/Time;
SND_NR;EFE;21116058;31h;HCA;Response,Uplink,TPL=S,M-Bus;196;00h;5;11.05.2023 09:00 invalid 0 summer time 0;558;00.00.00;0;15.02.22;0;0;0;0;0;0;0;0;0;0;0;0;0;0;0;0;0;0;0;0;0;0;18;129;102;67;103;62;54;23;0;00.00.2000 00:00 invalid 0 summer time 0;
Frame Type;Manufacturer;ID;Version;Device Type;TPL-Config;Access Number;Status;Encryption;IV,0,0,0,,Date/Time;IV,0,0,0,,Units HCA;IV,1,0,0,,Date;IV,1,0,0,,Units HCA;IV,2,0,0,,Date;IV,2,0,0,,Units HCA;IV,3,0,0,,Units HCA;IV,4,0,0,,Units HCA;IV,5,0,0,,Units HCA;IV,6,0,0,,Units HCA;IV,7,0,0,,Units HCA;IV,8,0,0,,Units HCA;IV,9,0,0,,Units HCA;IV,10,0,0,,Units HCA;IV,11,0,0,,Units HCA;IV,12,0,0,,Units HCA;IV,13,0,0,,Units HCA;IV,14,0,0,,Units HCA;IV,15,0,0,,Units HCA;IV,16,0,0,,Units HCA;IV,17,0,0,,Units HCA;IV,18,0,0,,Units HCA;IV,19,0,0,,Units HCA;IV,20,0,0,,Units HCA;IV,21,0,0,,Units HCA;IV,22,0,0,,Units HCA;IV,23,0,0,,Units HCA;IV,24,0,0,,Units HCA;IV,25,0,0,,Units HCA;IV,26,0,0,,Units HCA;IV,27,0,0,,Units HCA;IV,28,0,0,,Units HCA;IV,29,0,0,,Units HCA;IV,30,0,0,,Units HCA;IV,31,0,0,,Units HCA;ErrorV,0,0,0,,ManufacturerSpecific;ErrorV,0,0,0,,Date/Time;
SND_NR;EFE;21116050;31h;HCA;Response,Uplink,TPL=S,M-Bus;188;00h;5;11.05.2023 09:00 invalid 0 summer time 0;378;00.00.00;0;15.02.22;0;0;0;0;0;0;0;0;0;0;0;0;0;0;0;0;0;0;0;0;0;0;0;13;63;78;80;58;64;22;0;00.00.2000 00:00 invalid 0 summer time 0;
Frame Type;Manufacturer;ID;Version;Device Type;TPL-Config;Access Number;Status;Encryption;IV,0,0,0,,Date/Time;IV,0,0,0,,Units HCA;IV,1,0,0,,Date;IV,1,0,0,,Units HCA;IV,2,0,0,,Date;IV,2,0,0,,Units HCA;IV,3,0,0,,Units HCA;IV,4,0,0,,Units HCA;IV,5,0,0,,Units HCA;IV,6,0,0,,Units HCA;IV,7,0,0,,Units HCA;IV,8,0,0,,Units HCA;IV,9,0,0,,Units HCA;IV,10,0,0,,Units HCA;IV,11,0,0,,Units HCA;IV,12,0,0,,Units HCA;IV,13,0,0,,Units HCA;IV,14,0,0,,Units HCA;IV,15,0,0,,Units HCA;IV,16,0,0,,Units HCA;IV,17,0,0,,Units HCA;IV,18,0,0,,Units HCA;IV,19,0,0,,Units HCA;IV,20,0,0,,Units HCA;IV,21,0,0,,Units HCA;IV,22,0,0,,Units HCA;IV,23,0,0,,Units HCA;IV,24,0,0,,Units HCA;IV,25,0,0,,Units HCA;IV,26,0,0,,Units HCA;IV,27,0,0,,Units HCA;IV,28,0,0,,Units HCA;IV,29,0,0,,Units HCA;IV,30,0,0,,Units HCA;IV,31,0,0,,Units HCA;ErrorV,0,0,0,,ManufacturerSpecific;ErrorV,0,0,0,,Date/Time;
SND_NR;EFE;21116056;31h;HCA;Response,Uplink,TPL=S,M-Bus;129;00h;5;11.05.2023 09:00 invalid 0 summer time 0;288;00.00.00;0;15.02.22;0;0;0;0;0;0;0;0;0;0;0;0;0;0;0;0;0;0;0;0;0;0;11;83;66;31;25;32;29;11;0;00.00.2000 00:00 invalid 0 summer time 0;
Frame Type;Manufacturer;ID;Version;Device Type;TPL-Config;Access Number;Status;Encryption;IV,0,0,0,,Date/Time;IV,0,0,0,,Units HCA;IV,1,0,0,,Date;IV,1,0,0,,Units HCA;IV,2,0,0,,Date;IV,2,0,0,,Units HCA;IV,3,0,0,,Units HCA;IV,4,0,0,,Units HCA;IV,5,0,0,,Units HCA;IV,6,0,0,,Units HCA;IV,7,0,0,,Units HCA;IV,8,0,0,,Units HCA;IV,9,0,0,,Units HCA;IV,10,0,0,,Units HCA;IV,11,0,0,,Units HCA;IV,12,0,0,,Units HCA;IV,13,0,0,,Units HCA;IV,14,0,0,,Units HCA;IV,15,0,0,,Units HCA;IV,16,0,0,,Units HCA;IV,17,0,0,,Units HCA;IV,18,0,0,,Units HCA;IV,19,0,0,,Units HCA;IV,20,0,0,,Units HCA;IV,21,0,0,,Units HCA;IV,22,0,0,,Units HCA;IV,23,0,0,,Units HCA;IV,24,0,0,,Units HCA;IV,25,0,0,,Units HCA;IV,26,0,0,,Units HCA;IV,27,0,0,,Units HCA;IV,28,0,0,,Units HCA;IV,29,0,0,,Units HCA;IV,30,0,0,,Units HCA;IV,31,0,0,,Units HCA;ErrorV,0,0,0,,ManufacturerSpecific;ErrorV,0,0,0,,Date/Time;
SND_NR;EFE;21116065;31h;HCA;Response,Uplink,TPL=S,M-Bus;247;00h;5;11.05.2023 09:00 invalid 0 summer time 0;36;00.00.00;0;15.02.22;0;0;0;0;0;0;0;0;0;0;0;0;0;0;0;0;0;0;0;0;0;0;0;3;10;8;15;0;0;0;0;00.00.2000 00:00 invalid 0 summer time 0;
Frame Type;Manufacturer;ID;Version;Device Type;TPL-Config;Access Number;Status;Encryption;IV,0,0,0,,Date/Time;IV,0,0,0,,Units HCA;IV,1,0,0,,Date;IV,1,0,0,,Units HCA;IV,2,0,0,,Date;IV,2,0,0,,Units HCA;IV,3,0,0,,Units HCA;IV,4,0,0,,Units HCA;IV,5,0,0,,Units HCA;IV,6,0,0,,Units HCA;IV,7,0,0,,Units HCA;IV,8,0,0,,Units HCA;IV,9,0,0,,Units HCA;IV,10,0,0,,Units HCA;IV,11,0,0,,Units HCA;IV,12,0,0,,Units HCA;IV,13,0,0,,Units HCA;IV,14,0,0,,Units HCA;IV,15,0,0,,Units HCA;IV,16,0,0,,Units HCA;IV,17,0,0,,Units HCA;IV,18,0,0,,Units HCA;IV,19,0,0,,Units HCA;IV,20,0,0,,Units HCA;IV,21,0,0,,Units HCA;IV,22,0,0,,Units HCA;IV,23,0,0,,Units HCA;IV,24,0,0,,Units HCA;IV,25,0,0,,Units HCA;IV,26,0,0,,Units HCA;IV,27,0,0,,Units HCA;IV,28,0,0,,Units HCA;IV,29,0,0,,Units HCA;IV,30,0,0,,Units HCA;IV,31,0,0,,Units HCA;ErrorV,0,0,0,,ManufacturerSpecific;ErrorV,0,0,0,,Date/Time;
SND_NR;EFE;21116049;31h;HCA;Response,Uplink,TPL=S,M-Bus;148;00h;5;11.05.2023 09:01 invalid 0 summer time 0;654;00.00.00;0;15.02.22;0;0;0;0;0;0;0;0;0;0;0;0;0;0;0;0;0;0;0;0;0;0;22;137;108;79;116;77;75;40;0;00.00.2000 00:00 invalid 0 summer time 0;
Frame Type;Manufacturer;ID;Version;Device Type;TPL-Config;Access Number;Status;Encryption;IV,0,0,0,,Date/Time;IV,0,0,0,,Units HCA;IV,1,0,0,,Date;IV,1,0,0,,Units HCA;IV,2,0,0,,Date;IV,2,0,0,,Units HCA;IV,3,0,0,,Units HCA;IV,4,0,0,,Units HCA;IV,5,0,0,,Units HCA;IV,6,0,0,,Units HCA;IV,7,0,0,,Units HCA;IV,8,0,0,,Units HCA;IV,9,0,0,,Units HCA;IV,10,0,0,,Units HCA;IV,11,0,0,,Units HCA;IV,12,0,0,,Units HCA;IV,13,0,0,,Units HCA;IV,14,0,0,,Units HCA;IV,15,0,0,,Units HCA;IV,16,0,0,,Units HCA;IV,17,0,0,,Units HCA;IV,18,0,0,,Units HCA;IV,19,0,0,,Units HCA;IV,20,0,0,,Units HCA;IV,21,0,0,,Units HCA;IV,22,0,0,,Units HCA;IV,23,0,0,,Units HCA;IV,24,0,0,,Units HCA;IV,25,0,0,,Units HCA;IV,26,0,0,,Units HCA;IV,27,0,0,,Units HCA;IV,28,0,0,,Units HCA;IV,29,0,0,,Units HCA;IV,30,0,0,,Units HCA;IV,31,0,0,,Units HCA;ErrorV,0,0,0,,ManufacturerSpecific;ErrorV,0,0,0,,Date/Time;
SND_NR;EFE;21116053;31h;HCA;Response,Uplink,TPL=S,M-Bus;70;00h;5;11.05.2023 08:58 invalid 0 summer time 0;0;00.00.00;0;15.02.22;0;0;0;0;0;0;0;0;0;0;0;0;0;0;0;0;0;0;0;0;0;0;0;0;0;0;0;0;0;0;0;00.00.2000 00:00 invalid 0 summer time 0;
Frame Type;Manufacturer;ID;Version;Device Type;TPL-Config;Access Number;Status;Encryption;IV,0,0,0,,Date/Time;IV,0,0,0,,Units HCA;IV,1,0,0,,Date;IV,1,0,0,,Units HCA;IV,2,0,0,,Date;IV,2,0,0,,Units HCA;IV,3,0,0,,Units HCA;IV,4,0,0,,Units HCA;IV,5,0,0,,Units HCA;IV,6,0,0,,Units HCA;IV,7,0,0,,Units HCA;IV,8,0,0,,Units HCA;IV,9,0,0,,Units HCA;IV,10,0,0,,Units HCA;IV,11,0,0,,Units HCA;IV,12,0,0,,Units HCA;IV,13,0,0,,Units HCA;IV,14,0,0,,Units HCA;IV,15,0,0,,Units HCA;IV,16,0,0,,Units HCA;IV,17,0,0,,Units HCA;IV,18,0,0,,Units HCA;IV,19,0,0,,Units HCA;IV,20,0,0,,Units HCA;IV,21,0,0,,Units HCA;IV,22,0,0,,Units HCA;IV,23,0,0,,Units HCA;IV,24,0,0,,Units HCA;IV,25,0,0,,Units HCA;IV,26,0,0,,Units HCA;IV,27,0,0,,Units HCA;IV,28,0,0,,Units HCA;IV,29,0,0,,Units HCA;IV,30,0,0,,Units HCA;IV,31,0,0,,Units HCA;ErrorV,0,0,0,,ManufacturerSpecific;ErrorV,0,0,0,,Date/Time;
SND_NR;EFE;11291057;31h;HCA;Response,Uplink,TPL=S,M-Bus;75;00h;5;11.05.2023 09:00 invalid 0 summer time 0;8;00.00.00;0;15.02.22;0;0;0;0;0;0;0;0;0;0;0;0;0;0;0;0;0;0;0;0;0;0;0;0;3;0;5;0;0;0;0;00.00.2000 00:00 invalid 0 summer time 0;
Frame Type;Manufacturer;ID;Version;Device Type;TPL-Config;Access Number;Status;Encryption;IV,0,0,0,,Date/Time;IV,0,0,0,,Units HCA;IV,1,0,0,,Date;IV,1,0,0,,Units HCA;IV,2,0,0,,Date;IV,2,0,0,,Units HCA;IV,3,0,0,,Units HCA;IV,4,0,0,,Units HCA;IV,5,0,0,,Units HCA;IV,6,0,0,,Units HCA;IV,7,0,0,,Units HCA;IV,8,0,0,,Units HCA;IV,9,0,0,,Units HCA;IV,10,0,0,,Units HCA;IV,11,0,0,,Units HCA;IV,12,0,0,,Units HCA;IV,13,0,0,,Units HCA;IV,14,0,0,,Units HCA;IV,15,0,0,,Units HCA;IV,16,0,0,,Units HCA;IV,17,0,0,,Units HCA;IV,18,0,0,,Units HCA;IV,19,0,0,,Units HCA;IV,20,0,0,,Units HCA;IV,21,0,0,,Units HCA;IV,22,0,0,,Units HCA;IV,23,0,0,,Units HCA;IV,24,0,0,,Units HCA;IV,25,0,0,,Units HCA;IV,26,0,0,,Units HCA;IV,27,0,0,,Units HCA;IV,28,0,0,,Units HCA;IV,29,0,0,,Units HCA;IV,30,0,0,,Units HCA;IV,31,0,0,,Units HCA;ErrorV,0,0,0,,ManufacturerSpecific;ErrorV,0,0,0,,Date/Time;
SND_NR;EFE;21116078;31h;HCA;Response,Uplink,TPL=S,M-Bus;94;00h;5;11.05.2023 09:01 invalid 0 summer time 0;40;00.00.00;0;15.02.22;0;0;0;0;0;0;0;0;0;0;0;0;0;0;0;0;0;0;0;0;0;0;0;24;1;9;5;0;1;0;0;00.00.2000 00:00 invalid 0 summer time 0;
Frame Type;Manufacturer;ID;Version;Device Type;TPL-Config;Access Number;Status;Encryption;IV,0,0,0,,Date/Time;IV,0,0,0,,Units HCA;IV,1,0,0,,Date;IV,1,0,0,,Units HCA;IV,2,0,0,,Date;IV,2,0,0,,Units HCA;IV,3,0,0,,Units HCA;IV,4,0,0,,Units HCA;IV,5,0,0,,Units HCA;IV,6,0,0,,Units HCA;IV,7,0,0,,Units HCA;IV,8,0,0,,Units HCA;IV,9,0,0,,Units HCA;IV,10,0,0,,Units HCA;IV,11,0,0,,Units HCA;IV,12,0,0,,Units HCA;IV,13,0,0,,Units HCA;IV,14,0,0,,Units HCA;IV,15,0,0,,Units HCA;IV,16,0,0,,Units HCA;IV,17,0,0,,Units HCA;IV,18,0,0,,Units HCA;IV,19,0,0,,Units HCA;IV,20,0,0,,Units HCA;IV,21,0,0,,Units HCA;IV,22,0,0,,Units HCA;IV,23,0,0,,Units HCA;IV,24,0,0,,Units HCA;IV,25,0,0,,Units HCA;IV,26,0,0,,Units HCA;IV,27,0,0,,Units HCA;IV,28,0,0,,Units HCA;IV,29,0,0,,Units HCA;IV,30,0,0,,Units HCA;IV,31,0,0,,Units HCA;ErrorV,0,0,0,,ManufacturerSpecific;ErrorV,0,0,0,,Date/Time;
SND_NR;EFE;21116062;31h;HCA;Response,Uplink,TPL=S,M-Bus;244;00h;5;11.05.2023 09:00 invalid 0 summer time 0;17;00.00.00;0;15.02.22;0;0;0;0;0;0;0;0;0;0;0;0;0;0;0;0;0;0;0;0;0;0;0;5;5;1;6;0;0;0;0;00.00.2000 00:00 invalid 0 summer time 0;
Frame Type;Manufacturer;ID;Version;Device Type;TPL-Config;Access Number;Status;Encryption;IV,0,0,0,,Date/Time;IV,0,0,0,,Units HCA;IV,1,0,0,,Date;IV,1,0,0,,Units HCA;IV,2,0,0,,Date;IV,2,0,0,,Units HCA;IV,3,0,0,,Units HCA;IV,4,0,0,,Units HCA;IV,5,0,0,,Units HCA;IV,6,0,0,,Units HCA;IV,7,0,0,,Units HCA;IV,8,0,0,,Units HCA;IV,9,0,0,,Units HCA;IV,10,0,0,,Units HCA;IV,11,0,0,,Units HCA;IV,12,0,0,,Units HCA;IV,13,0,0,,Units HCA;IV,14,0,0,,Units HCA;IV,15,0,0,,Units HCA;IV,16,0,0,,Units HCA;IV,17,0,0,,Units HCA;IV,18,0,0,,Units HCA;IV,19,0,0,,Units HCA;IV,20,0,0,,Units HCA;IV,21,0,0,,Units HCA;IV,22,0,0,,Units HCA;IV,23,0,0,,Units HCA;IV,24,0,0,,Units HCA;IV,25,0,0,,Units HCA;IV,26,0,0,,Units HCA;IV,27,0,0,,Units HCA;IV,28,0,0,,Units HCA;IV,29,0,0,,Units HCA;IV,30,0,0,,Units HCA;IV,31,0,0,,Units HCA;ErrorV,0,0,0,,ManufacturerSpecific;ErrorV,0,0,0,,Date/Time;
SND_NR;EFE;11291050;31h;HCA;Response,Uplink,TPL=S,M-Bus;47;00h;5;11.05.2023 08:59 invalid 0 summer time 0;200;00.00.00;0;15.02.22;0;0;0;0;0;0;0;0;0;0;0;0;0;0;0;0;0;0;0;0;0;0;0;26;9;49;33;31;26;26;0;00.00.2000 00:00 invalid 0 summer time 0;
Frame Type;Manufacturer;ID;Version;Device Type;TPL-Config;Access Number;Status;Encryption;IV,0,0,0,,Date/Time;IV,0,0,0,,Units HCA;IV,1,0,0,,Date;IV,1,0,0,,Units HCA;IV,2,0,0,,Date;IV,2,0,0,,Units HCA;IV,3,0,0,,Units HCA;IV,4,0,0,,Units HCA;IV,5,0,0,,Units HCA;IV,6,0,0,,Units HCA;IV,7,0,0,,Units HCA;IV,8,0,0,,Units HCA;IV,9,0,0,,Units HCA;IV,10,0,0,,Units HCA;IV,11,0,0,,Units HCA;IV,12,0,0,,Units HCA;IV,13,0,0,,Units HCA;IV,14,0,0,,Units HCA;IV,15,0,0,,Units HCA;IV,16,0,0,,Units HCA;IV,17,0,0,,Units HCA;IV,18,0,0,,Units HCA;IV,19,0,0,,Units HCA;IV,20,0,0,,Units HCA;IV,21,0,0,,Units HCA;IV,22,0,0,,Units HCA;IV,23,0,0,,Units HCA;IV,24,0,0,,Units HCA;IV,25,0,0,,Units HCA;IV,26,0,0,,Units HCA;IV,27,0,0,,Units HCA;IV,28,0,0,,Units HCA;IV,29,0,0,,Units HCA;IV,30,0,0,,Units HCA;IV,31,0,0,,Units HCA;ErrorV,0,0,0,,ManufacturerSpecific;ErrorV,0,0,0,,Date/Time;
SND_NR;EFE;11291058;31h;HCA;Response,Uplink,TPL=S,M-Bus;72;00h;5;11.05.2023 09:00 invalid 0 summer time 0;14;00.00.00;0;15.02.22;0;0;0;0;0;0;0;0;0;0;0;0;0;0;0;0;0;0;0;0;0;0;0;0;4;0;9;0;0;1;0;00.00.2000 00:00 invalid 0 summer time 0;
Frame Type;Manufacturer;ID;Version;Device Type;TPL-Config;Access Number;Status;Encryption;IV,0,0,0,,Date/Time;IV,0,0,0,,Units HCA;IV,1,0,0,,Date;IV,1,0,0,,Units HCA;IV,2,0,0,,Date;IV,2,0,0,,Units HCA;IV,3,0,0,,Units HCA;IV,4,0,0,,Units HCA;IV,5,0,0,,Units HCA;IV,6,0,0,,Units HCA;IV,7,0,0,,Units HCA;IV,8,0,0,,Units HCA;IV,9,0,0,,Units HCA;IV,10,0,0,,Units HCA;IV,11,0,0,,Units HCA;IV,12,0,0,,Units HCA;IV,13,0,0,,Units HCA;IV,14,0,0,,Units HCA;IV,15,0,0,,Units HCA;IV,16,0,0,,Units HCA;IV,17,0,0,,Units HCA;IV,18,0,0,,Units HCA;IV,19,0,0,,Units HCA;IV,20,0,0,,Units HCA;IV,21,0,0,,Units HCA;IV,22,0,0,,Units HCA;IV,23,0,0,,Units HCA;IV,24,0,0,,Units HCA;IV,25,0,0,,Units HCA;IV,26,0,0,,Units HCA;IV,27,0,0,,Units HCA;IV,28,0,0,,Units HCA;IV,29,0,0,,Units HCA;IV,30,0,0,,Units HCA;IV,31,0,0,,Units HCA;ErrorV,0,0,0,,ManufacturerSpecific;ErrorV,0,0,0,,Date/Time;
SND_NR;EFE;21116079;31h;HCA;Response,Uplink,TPL=S,M-Bus;33;00h;5;11.05.2023 09:01 invalid 0 summer time 0;64;00.00.00;0;15.02.22;0;0;0;0;0;0;0;0;0;0;0;0;0;0;0;0;0;0;0;0;0;0;0;56;0;0;8;0;0;0;0;00.00.2000 00:00 invalid 0 summer time 0;
Frame Type;Manufacturer;ID;Version;Device Type;TPL-Config;Access Number;Status;Encryption;IV,0,0,0,,Date/Time;IV,0,0,0,,Units HCA;IV,1,0,0,,Date;IV,1,0,0,,Units HCA;IV,2,0,0,,Date;IV,2,0,0,,Units HCA;IV,3,0,0,,Units HCA;IV,4,0,0,,Units HCA;IV,5,0,0,,Units HCA;IV,6,0,0,,Units HCA;IV,7,0,0,,Units HCA;IV,8,0,0,,Units HCA;IV,9,0,0,,Units HCA;IV,10,0,0,,Units HCA;IV,11,0,0,,Units HCA;IV,12,0,0,,Units HCA;IV,13,0,0,,Units HCA;IV,14,0,0,,Units HCA;IV,15,0,0,,Units HCA;IV,16,0,0,,Units HCA;IV,17,0,0,,Units HCA;IV,18,0,0,,Units HCA;IV,19,0,0,,Units HCA;IV,20,0,0,,Units HCA;IV,21,0,0,,Units HCA;IV,22,0,0,,Units HCA;IV,23,0,0,,Units HCA;IV,24,0,0,,Units HCA;IV,25,0,0,,Units HCA;IV,26,0,0,,Units HCA;IV,27,0,0,,Units HCA;IV,28,0,0,,Units HCA;IV,29,0,0,,Units HCA;IV,30,0,0,,Units HCA;IV,31,0,0,,Units HCA;ErrorV,0,0,0,,ManufacturerSpecific;ErrorV,0,0,0,,Date/Time;
SND_NR;EFE;21116057;31h;HCA;Response,Uplink,TPL=S,M-Bus;116;00h;5;11.05.2023 08:59 invalid 0 summer time 0;142;00.00.00;0;15.02.22;0;0;0;0;0;0;0;0;0;0;0;0;0;0;0;0;0;0;0;0;0;0;0;8;21;23;63;10;13;4;0;00.00.2000 00:00 invalid 0 summer time 0;
Frame Type;Manufacturer;ID;Version;Device Type;TPL-Config;Access Number;Status;Encryption;IV,0,0,0,,Date/Time;IV,0,0,0,,Units HCA;IV,1,0,0,,Date;IV,1,0,0,,Units HCA;IV,2,0,0,,Date;IV,2,0,0,,Units HCA;IV,3,0,0,,Units HCA;IV,4,0,0,,Units HCA;IV,5,0,0,,Units HCA;IV,6,0,0,,Units HCA;IV,7,0,0,,Units HCA;IV,8,0,0,,Units HCA;IV,9,0,0,,Units HCA;IV,10,0,0,,Units HCA;IV,11,0,0,,Units HCA;IV,12,0,0,,Units HCA;IV,13,0,0,,Units HCA;IV,14,0,0,,Units HCA;IV,15,0,0,,Units HCA;IV,16,0,0,,Units HCA;IV,17,0,0,,Units HCA;IV,18,0,0,,Units HCA;IV,19,0,0,,Units HCA;IV,20,0,0,,Units HCA;IV,21,0,0,,Units HCA;IV,22,0,0,,Units HCA;IV,23,0,0,,Units HCA;IV,24,0,0,,Units HCA;IV,25,0,0,,Units HCA;IV,26,0,0,,Units HCA;IV,27,0,0,,Units HCA;IV,28,0,0,,Units HCA;IV,29,0,0,,Units HCA;IV,30,0,0,,Units HCA;IV,31,0,0,,Units HCA;ErrorV,0,0,0,,ManufacturerSpecific;ErrorV,0,0,0,,Date/Time;
SND_NR;EFE;21116044;31h;HCA;Response,Uplink,TPL=S,M-Bus;62;00h;5;11.05.2023 08:59 invalid 0 summer time 0;89;31.12.22;98;15.02.22;0;0;0;0;0;0;0;0;0;0;0;0;0;0;0;0;2;1;12;17;37;29;-83;51;6;5;7;2;3;0;0;00.00.2000 00:00 invalid 0 summer time 0;
Frame Type;Manufacturer;ID;Version;Device Type;TPL-Config;Access Number;Status;Encryption;IV,0,0,0,,Date/Time;IV,0,0,0,,Units HCA;IV,1,0,0,,Date;IV,1,0,0,,Units HCA;IV,2,0,0,,Date;IV,2,0,0,,Units HCA;IV,3,0,0,,Units HCA;IV,4,0,0,,Units HCA;IV,5,0,0,,Units HCA;IV,6,0,0,,Units HCA;IV,7,0,0,,Units HCA;IV,8,0,0,,Units HCA;IV,9,0,0,,Units HCA;IV,10,0,0,,Units HCA;IV,11,0,0,,Units HCA;IV,12,0,0,,Units HCA;IV,13,0,0,,Units HCA;IV,14,0,0,,Units HCA;IV,15,0,0,,Units HCA;IV,16,0,0,,Units HCA;IV,17,0,0,,Units HCA;IV,18,0,0,,Units HCA;IV,19,0,0,,Units HCA;IV,20,0,0,,Units HCA;IV,21,0,0,,Units HCA;IV,22,0,0,,Units HCA;IV,23,0,0,,Units HCA;IV,24,0,0,,Units HCA;IV,25,0,0,,Units HCA;IV,26,0,0,,Units HCA;IV,27,0,0,,Units HCA;IV,28,0,0,,Units HCA;IV,29,0,0,,Units HCA;IV,30,0,0,,Units HCA;IV,31,0,0,,Units HCA;ErrorV,0,0,0,,ManufacturerSpecific;ErrorV,0,0,0,,Date/Time;
SND_NR;EFE;11291055;31h;HCA;Response,Uplink,TPL=S,M-Bus;96;00h;5;11.05.2023 09:01 invalid 0 summer time 0;45;00.00.00;0;15.02.22;0;0;0;0;0;0;0;0;0;0;0;0;0;0;0;0;0;0;0;0;0;0;0;3;14;0;28;0;0;0;0;00.00.2000 00:00 invalid 0 summer time 0;
Frame Type;Manufacturer;ID;Version;Device Type;TPL-Config;Access Number;Status;Encryption;IV,0,0,0,,Date/Time;IV,0,0,0,,Units HCA;IV,1,0,0,,Date;IV,1,0,0,,Units HCA;IV,2,0,0,,Date;IV,2,0,0,,Units HCA;IV,3,0,0,,Units HCA;IV,4,0,0,,Units HCA;IV,5,0,0,,Units HCA;IV,6,0,0,,Units HCA;IV,7,0,0,,Units HCA;IV,8,0,0,,Units HCA;IV,9,0,0,,Units HCA;IV,10,0,0,,Units HCA;IV,11,0,0,,Units HCA;IV,12,0,0,,Units HCA;IV,13,0,0,,Units HCA;IV,14,0,0,,Units HCA;IV,15,0,0,,Units HCA;IV,16,0,0,,Units HCA;IV,17,0,0,,Units HCA;IV,18,0,0,,Units HCA;IV,19,0,0,,Units HCA;IV,20,0,0,,Units HCA;IV,21,0,0,,Units HCA;IV,22,0,0,,Units HCA;IV,23,0,0,,Units HCA;IV,24,0,0,,Units HCA;IV,25,0,0,,Units HCA;IV,26,0,0,,Units HCA;IV,27,0,0,,Units HCA;IV,28,0,0,,Units HCA;IV,29,0,0,,Units HCA;IV,30,0,0,,Units HCA;IV,31,0,0,,Units HCA;ErrorV,0,0,0,,ManufacturerSpecific;ErrorV,0,0,0,,Date/Time;
SND_NR;EFE;21116055;31h;HCA;Response,Uplink,TPL=S,M-Bus;93;00h;5;11.05.2023 09:01 invalid 0 summer time 0;733;00.00.00;0;15.02.22;0;0;0;0;0;0;0;0;0;0;0;0;0;0;0;0;0;0;0;0;0;0;24;129;97;101;56;73;143;91;0;00.00.2000 00:00 invalid 0 summer time 0;
Frame Type;Manufacturer;ID;Version;Device Type;TPL-Config;Access Number;Status;Encryption;IV,0,0,0,,Date/Time;IV,0,0,0,,Units HCA;IV,1,0,0,,Date;IV,1,0,0,,Units HCA;IV,2,0,0,,Date;IV,2,0,0,,Units HCA;IV,3,0,0,,Units HCA;IV,4,0,0,,Units HCA;IV,5,0,0,,Units HCA;IV,6,0,0,,Units HCA;IV,7,0,0,,Units HCA;IV,8,0,0,,Units HCA;IV,9,0,0,,Units HCA;IV,10,0,0,,Units HCA;IV,11,0,0,,Units HCA;IV,12,0,0,,Units HCA;IV,13,0,0,,Units HCA;IV,14,0,0,,Units HCA;IV,15,0,0,,Units HCA;IV,16,0,0,,Units HCA;IV,17,0,0,,Units HCA;IV,18,0,0,,Units HCA;IV,19,0,0,,Units HCA;IV,20,0,0,,Units HCA;IV,21,0,0,,Units HCA;IV,22,0,0,,Units HCA;IV,23,0,0,,Units HCA;IV,24,0,0,,Units HCA;IV,25,0,0,,Units HCA;IV,26,0,0,,Units HCA;IV,27,0,0,,Units HCA;IV,28,0,0,,Units HCA;IV,29,0,0,,Units HCA;IV,30,0,0,,Units HCA;IV,31,0,0,,Units HCA;ErrorV,0,0,0,,ManufacturerSpecific;ErrorV,0,0,0,,Date/Time;
SND_NR;EFE;21116054;31h;HCA;Response,Uplink,TPL=S,M-Bus;63;00h;5;11.05.2023 09:01 invalid 0 summer time 0;32;00.00.00;0;15.02.22;0;0;0;0;0;0;0;0;0;0;0;0;0;0;0;0;0;0;0;0;0;0;2;11;2;6;8;1;0;2;0;00.00.2000 00:00 invalid 0 summer time 0;
Frame Type;Manufacturer;ID;Version;Device Type;TPL-Config;Access Number;Status;Encryption;IV,0,0,0,,Date/Time;IV,0,0,0,,Units HCA;IV,1,0,0,,Date;IV,1,0,0,,Units HCA;IV,2,0,0,,Date;IV,2,0,0,,Units HCA;IV,3,0,0,,Units HCA;IV,4,0,0,,Units HCA;IV,5,0,0,,Units HCA;IV,6,0,0,,Units HCA;IV,7,0,0,,Units HCA;IV,8,0,0,,Units HCA;IV,9,0,0,,Units HCA;IV,10,0,0,,Units HCA;IV,11,0,0,,Units HCA;IV,12,0,0,,Units HCA;IV,13,0,0,,Units HCA;IV,14,0,0,,Units HCA;IV,15,0,0,,Units HCA;IV,16,0,0,,Units HCA;IV,17,0,0,,Units HCA;IV,18,0,0,,Units HCA;IV,19,0,0,,Units HCA;IV,20,0,0,,Units HCA;IV,21,0,0,,Units HCA;IV,22,0,0,,Units HCA;IV,23,0,0,,Units HCA;IV,24,0,0,,Units HCA;IV,25,0,0,,Units HCA;IV,26,0,0,,Units HCA;IV,27,0,0,,Units HCA;IV,28,0,0,,Units HCA;IV,29,0,0,,Units HCA;IV,30,0,0,,Units HCA;IV,31,0,0,,Units HCA;ErrorV,0,0,0,,ManufacturerSpecific;ErrorV,0,0,0,,Date/Time;
SND_NR;EFE;11291053;31h;HCA;Response,Uplink,TPL=S,M-Bus;95;00h;5;11.05.2023 08:59 invalid 0 summer time 0;17;00.00.00;0;15.02.22;0;0;0;0;0;0;0;0;0;0;0;0;0;0;0;0;0;0;0;0;0;0;0;0;2;4;6;1;2;1;0;00.00.2000 00:00 invalid 0 summer time 0;
Frame Type;Manufacturer;ID;Version;Device Type;TPL-Config;Access Number;Status;Encryption;IV,0,0,0,,Date/Time;IV,0,0,0,,Units HCA;IV,1,0,0,,Date;IV,1,0,0,,Units HCA;IV,2,0,0,,Date;IV,2,0,0,,Units HCA;IV,3,0,0,,Units HCA;IV,4,0,0,,Units HCA;IV,5,0,0,,Units HCA;IV,6,0,0,,Units HCA;IV,7,0,0,,Units HCA;IV,8,0,0,,Units HCA;IV,9,0,0,,Units HCA;IV,10,0,0,,Units HCA;IV,11,0,0,,Units HCA;IV,12,0,0,,Units HCA;IV,13,0,0,,Units HCA;IV,14,0,0,,Units HCA;IV,15,0,0,,Units HCA;IV,16,0,0,,Units HCA;IV,17,0,0,,Units HCA;IV,18,0,0,,Units HCA;IV,19,0,0,,Units HCA;IV,20,0,0,,Units HCA;IV,21,0,0,,Units HCA;IV,22,0,0,,Units HCA;IV,23,0,0,,Units HCA;IV,24,0,0,,Units HCA;IV,25,0,0,,Units HCA;IV,26,0,0,,Units HCA;IV,27,0,0,,Units HCA;IV,28,0,0,,Units HCA;IV,29,0,0,,Units HCA;IV,30,0,0,,Units HCA;IV,31,0,0,,Units HCA;ErrorV,0,0,0,,ManufacturerSpecific;ErrorV,0,0,0,,Date/Time;
SND_NR;EFE;21116073;31h;HCA;Response,Uplink,TPL=S,M-Bus;228;00h;5;11.05.2023 09:01 invalid 0 summer time 0;0;00.00.00;0;15.02.22;0;0;0;0;0;0;0;0;0;0;0;0;0;0;0;0;0;0;0;0;0;0;0;0;0;0;0;0;0;0;0;00.00.2000 00:00 invalid 0 summer time 0;
Frame Type;Manufacturer;ID;Version;Device Type;TPL-Config;Access Number;Status;Encryption;IV,0,0,0,,Date/Time;IV,0,0,0,,Units HCA;IV,1,0,0,,Date;IV,1,0,0,,Units HCA;IV,2,0,0,,Date;IV,2,0,0,,Units HCA;IV,3,0,0,,Units HCA;IV,4,0,0,,Units HCA;IV,5,0,0,,Units HCA;IV,6,0,0,,Units HCA;IV,7,0,0,,Units HCA;IV,8,0,0,,Units HCA;IV,9,0,0,,Units HCA;IV,10,0,0,,Units HCA;IV,11,0,0,,Units HCA;IV,12,0,0,,Units HCA;IV,13,0,0,,Units HCA;IV,14,0,0,,Units HCA;IV,15,0,0,,Units HCA;IV,16,0,0,,Units HCA;IV,17,0,0,,Units HCA;IV,18,0,0,,Units HCA;IV,19,0,0,,Units HCA;IV,20,0,0,,Units HCA;IV,21,0,0,,Units HCA;IV,22,0,0,,Units HCA;IV,23,0,0,,Units HCA;IV,24,0,0,,Units HCA;IV,25,0,0,,Units HCA;IV,26,0,0,,Units HCA;IV,27,0,0,,Units HCA;IV,28,0,0,,Units HCA;IV,29,0,0,,Units HCA;IV,30,0,0,,Units HCA;IV,31,0,0,,Units HCA;ErrorV,0,0,0,,ManufacturerSpecific;ErrorV,0,0,0,,Date/Time;
SND_NR;EFE;21116068;31h;HCA;Response,Uplink,TPL=S,M-Bus;56;00h;5;11.05.2023 09:01 invalid 0 summer time 0;53;00.00.00;0;15.02.22;0;0;0;0;0;0;0;0;0;0;0;0;0;0;0;0;0;0;0;0;0;0;0;2;23;7;19;0;1;1;0;00.00.2000 00:00 invalid 0 summer time 0;
Frame Type;Manufacturer;ID;Version;Device Type;TPL-Config;Access Number;Status;Encryption;IV,0,0,0,,Date/Time;IV,0,0,0,,Units HCA;IV,1,0,0,,Date;IV,1,0,0,,Units HCA;IV,2,0,0,,Date;IV,2,0,0,,Units HCA;IV,3,0,0,,Units HCA;IV,4,0,0,,Units HCA;IV,5,0,0,,Units HCA;IV,6,0,0,,Units HCA;IV,7,0,0,,Units HCA;IV,8,0,0,,Units HCA;IV,9,0,0,,Units HCA;IV,10,0,0,,Units HCA;IV,11,0,0,,Units HCA;IV,12,0,0,,Units HCA;IV,13,0,0,,Units HCA;IV,14,0,0,,Units HCA;IV,15,0,0,,Units HCA;IV,16,0,0,,Units HCA;IV,17,0,0,,Units HCA;IV,18,0,0,,Units HCA;IV,19,0,0,,Units HCA;IV,20,0,0,,Units HCA;IV,21,0,0,,Units HCA;IV,22,0,0,,Units HCA;IV,23,0,0,,Units HCA;IV,24,0,0,,Units HCA;IV,25,0,0,,Units HCA;IV,26,0,0,,Units HCA;IV,27,0,0,,Units HCA;IV,28,0,0,,Units HCA;IV,29,0,0,,Units HCA;IV,30,0,0,,Units HCA;IV,31,0,0,,Units HCA;ErrorV,0,0,0,,ManufacturerSpecific;ErrorV,0,0,0,,Date/Time;
SND_NR;EFE;21116072;31h;HCA;Response,Uplink,TPL=S,M-Bus;79;00h;5;11.05.2023 09:00 invalid 0 summer time 0;46;00.00.00;0;15.02.22;0;0;0;0;0;0;0;0;0;0;0;0;0;0;0;0;0;0;0;0;0;0;0;26;2;3;0;0;8;7;0;00.00.2000 00:00 invalid 0 summer time 0;
Frame Type;Manufacturer;ID;Version;Device Type;TPL-Config;Access Number;Status;Encryption;IV,0,0,0,,Date/Time;IV,0,0,0,,Units HCA;IV,1,0,0,,Date;IV,1,0,0,,Units HCA;IV,2,0,0,,Date;IV,2,0,0,,Units HCA;IV,3,0,0,,Units HCA;IV,4,0,0,,Units HCA;IV,5,0,0,,Units HCA;IV,6,0,0,,Units HCA;IV,7,0,0,,Units HCA;IV,8,0,0,,Units HCA;IV,9,0,0,,Units HCA;IV,10,0,0,,Units HCA;IV,11,0,0,,Units HCA;IV,12,0,0,,Units HCA;IV,13,0,0,,Units HCA;IV,14,0,0,,Units HCA;IV,15,0,0,,Units HCA;IV,16,0,0,,Units HCA;IV,17,0,0,,Units HCA;IV,18,0,0,,Units HCA;IV,19,0,0,,Units HCA;IV,20,0,0,,Units HCA;IV,21,0,0,,Units HCA;IV,22,0,0,,Units HCA;IV,23,0,0,,Units HCA;IV,24,0,0,,Units HCA;IV,25,0,0,,Units HCA;IV,26,0,0,,Units HCA;IV,27,0,0,,Units HCA;IV,28,0,0,,Units HCA;IV,29,0,0,,Units HCA;IV,30,0,0,,Units HCA;IV,31,0,0,,Units HCA;ErrorV,0,0,0,,ManufacturerSpecific;ErrorV,0,0,0,,Date/Time;
SND_NR;EFE;21116041;31h;HCA;Response,Uplink,TPL=S,M-Bus;162;00h;5;11.05.2023 09:00 invalid 0 summer time 0;102;31.12.22;89;15.02.22;0;0;0;0;0;0;0;0;0;0;0;0;0;0;0;0;4;2;9;17;35;22;-66;46;19;4;6;2;2;0;0;00.00.2000 00:00 invalid 0 summer time 0;
Frame Type;Manufacturer;ID;Version;Device Type;TPL-Config;Access Number;Status;Encryption;IV,0,0,0,,Date/Time;IV,0,0,0,,Units HCA;IV,1,0,0,,Date;IV,1,0,0,,Units HCA;IV,2,0,0,,Date;IV,2,0,0,,Units HCA;IV,3,0,0,,Units HCA;IV,4,0,0,,Units HCA;IV,5,0,0,,Units HCA;IV,6,0,0,,Units HCA;IV,7,0,0,,Units HCA;IV,8,0,0,,Units HCA;IV,9,0,0,,Units HCA;IV,10,0,0,,Units HCA;IV,11,0,0,,Units HCA;IV,12,0,0,,Units HCA;IV,13,0,0,,Units HCA;IV,14,0,0,,Units HCA;IV,15,0,0,,Units HCA;IV,16,0,0,,Units HCA;IV,17,0,0,,Units HCA;IV,18,0,0,,Units HCA;IV,19,0,0,,Units HCA;IV,20,0,0,,Units HCA;IV,21,0,0,,Units HCA;IV,22,0,0,,Units HCA;IV,23,0,0,,Units HCA;IV,24,0,0,,Units HCA;IV,25,0,0,,Units HCA;IV,26,0,0,,Units HCA;IV,27,0,0,,Units HCA;IV,28,0,0,,Units HCA;IV,29,0,0,,Units HCA;IV,30,0,0,,Units HCA;IV,31,0,0,,Units HCA;ErrorV,0,0,0,,ManufacturerSpecific;ErrorV,0,0,0,,Date/Time;
SND_NR;EFE;11291052;31h;HCA;Response,Uplink,TPL=S,M-Bus;95;00h;5;11.05.2023 08:59 invalid 0 summer time 0;268;00.00.00;0;15.02.22;0;0;0;0;0;0;0;0;0;0;0;0;0;0;0;0;0;0;0;0;0;0;0;11;88;80;84;1;4;0;0;00.00.2000 00:00 invalid 0 summer time 0;
Frame Type;Manufacturer;ID;Version;Device Type;TPL-Config;Access Number;Status;Encryption;IV,0,0,0,,Date/Time;IV,0,0,0,,Units HCA;IV,1,0,0,,Date;IV,1,0,0,,Units HCA;IV,2,0,0,,Date;IV,2,0,0,,Units HCA;IV,3,0,0,,Units HCA;IV,4,0,0,,Units HCA;IV,5,0,0,,Units HCA;IV,6,0,0,,Units HCA;IV,7,0,0,,Units HCA;IV,8,0,0,,Units HCA;IV,9,0,0,,Units HCA;IV,10,0,0,,Units HCA;IV,11,0,0,,Units HCA;IV,12,0,0,,Units HCA;IV,13,0,0,,Units HCA;IV,14,0,0,,Units HCA;IV,15,0,0,,Units HCA;IV,16,0,0,,Units HCA;IV,17,0,0,,Units HCA;IV,18,0,0,,Units HCA;IV,19,0,0,,Units HCA;IV,20,0,0,,Units HCA;IV,21,0,0,,Units HCA;IV,22,0,0,,Units HCA;IV,23,0,0,,Units HCA;IV,24,0,0,,Units HCA;IV,25,0,0,,Units HCA;IV,26,0,0,,Units HCA;IV,27,0,0,,Units HCA;IV,28,0,0,,Units HCA;IV,29,0,0,,Units HCA;IV,30,0,0,,Units HCA;IV,31,0,0,,Units HCA;ErrorV,0,0,0,,ManufacturerSpecific;ErrorV,0,0,0,,Date/Time;
SND_NR;EFE;21116061;31h;HCA;Response,Uplink,TPL=S,M-Bus;85;00h;5;11.05.2023 09:00 invalid 0 summer time 0;68;00.00.00;0;15.02.22;0;0;0;0;0;0;0;0;0;0;0;0;0;0;0;0;0;0;0;0;0;0;0;4;10;11;26;1;14;1;0;00.00.2000 00:00 invalid 0 summer time 0;
Frame Type;Manufacturer;ID;Version;Device Type;TPL-Config;Access Number;Status;Encryption;IV,0,0,0,,Date/Time;IV,0,0,0,,Units HCA;IV,1,0,0,,Date;IV,1,0,0,,Units HCA;IV,2,0,0,,Date;IV,2,0,0,,Units HCA;IV,3,0,0,,Units HCA;IV,4,0,0,,Units HCA;IV,5,0,0,,Units HCA;IV,6,0,0,,Units HCA;IV,7,0,0,,Units HCA;IV,8,0,0,,Units HCA;IV,9,0,0,,Units HCA;IV,10,0,0,,Units HCA;IV,11,0,0,,Units HCA;IV,12,0,0,,Units HCA;IV,13,0,0,,Units HCA;IV,14,0,0,,Units HCA;IV,15,0,0,,Units HCA;IV,16,0,0,,Units HCA;IV,17,0,0,,Units HCA;IV,18,0,0,,Units HCA;IV,19,0,0,,Units HCA;IV,20,0,0,,Units HCA;IV,21,0,0,,Units HCA;IV,22,0,0,,Units HCA;IV,23,0,0,,Units HCA;IV,24,0,0,,Units HCA;IV,25,0,0,,Units HCA;IV,26,0,0,,Units HCA;IV,27,0,0,,Units HCA;IV,28,0,0,,Units HCA;IV,29,0,0,,Units HCA;IV,30,0,0,,Units HCA;IV,31,0,0,,Units HCA;ErrorV,0,0,0,,ManufacturerSpecific;ErrorV,0,0,0,,Date/Time;
SND_NR;EFE;21116045;31h;HCA;Response,Uplink,TPL=S,M-Bus;70;00h;5;11.05.2023 09:01 invalid 0 summer time 0;87;31.12.22;44;15.02.22;0;0;0;0;0;0;0;0;0;0;0;0;0;0;0;0;0;0;0;0;23;21;-19;50;4;6;2;0;0;0;0;00.00.2000 00:00 invalid 0 summer time 0;
Frame Type;Manufacturer;ID;Version;Device Type;TPL-Config;Access Number;Status;Encryption;IV,0,0,0,,Date/Time;IV,0,0,0,,Units HCA;IV,1,0,0,,Date;IV,1,0,0,,Units HCA;IV,2,0,0,,Date;IV,2,0,0,,Units HCA;IV,3,0,0,,Units HCA;IV,4,0,0,,Units HCA;IV,5,0,0,,Units HCA;IV,6,0,0,,Units HCA;IV,7,0,0,,Units HCA;IV,8,0,0,,Units HCA;IV,9,0,0,,Units HCA;IV,10,0,0,,Units HCA;IV,11,0,0,,Units HCA;IV,12,0,0,,Units HCA;IV,13,0,0,,Units HCA;IV,14,0,0,,Units HCA;IV,15,0,0,,Units HCA;IV,16,0,0,,Units HCA;IV,17,0,0,,Units HCA;IV,18,0,0,,Units HCA;IV,19,0,0,,Units HCA;IV,20,0,0,,Units HCA;IV,21,0,0,,Units HCA;IV,22,0,0,,Units HCA;IV,23,0,0,,Units HCA;IV,24,0,0,,Units HCA;IV,25,0,0,,Units HCA;IV,26,0,0,,Units HCA;IV,27,0,0,,Units HCA;IV,28,0,0,,Units HCA;IV,29,0,0,,Units HCA;IV,30,0,0,,Units HCA;IV,31,0,0,,Units HCA;ErrorV,0,0,0,,ManufacturerSpecific;ErrorV,0,0,0,,Date/Time;
SND_NR;EFE;21116064;31h;HCA;Response,Uplink,TPL=S,M-Bus;231;00h;5;11.05.2023 09:01 invalid 0 summer time 0;878;00.00.00;0;15.02.22;0;0;0;0;0;0;0;0;0;0;0;0;0;0;0;0;0;0;0;0;0;0;39;241;179;154;190;75;0;0;0;00.00.2000 00:00 invalid 0 summer time 0;
Frame Type;Manufacturer;ID;Version;Device Type;TPL-Config;Access Number;Status;Encryption;IV,0,0,0,,Date/Time;IV,0,0,0,,Units HCA;IV,1,0,0,,Date;IV,1,0,0,,Units HCA;IV,2,0,0,,Date;IV,2,0,0,,Units HCA;IV,3,0,0,,Units HCA;IV,4,0,0,,Units HCA;IV,5,0,0,,Units HCA;IV,6,0,0,,Units HCA;IV,7,0,0,,Units HCA;IV,8,0,0,,Units HCA;IV,9,0,0,,Units HCA;IV,10,0,0,,Units HCA;IV,11,0,0,,Units HCA;IV,12,0,0,,Units HCA;IV,13,0,0,,Units HCA;IV,14,0,0,,Units HCA;IV,15,0,0,,Units HCA;IV,16,0,0,,Units HCA;IV,17,0,0,,Units HCA;IV,18,0,0,,Units HCA;IV,19,0,0,,Units HCA;IV,20,0,0,,Units HCA;IV,21,0,0,,Units HCA;IV,22,0,0,,Units HCA;IV,23,0,0,,Units HCA;IV,24,0,0,,Units HCA;IV,25,0,0,,Units HCA;IV,26,0,0,,Units HCA;IV,27,0,0,,Units HCA;IV,28,0,0,,Units HCA;IV,29,0,0,,Units HCA;IV,30,0,0,,Units HCA;IV,31,0,0,,Units HCA;ErrorV,0,0,0,,ManufacturerSpecific;ErrorV,0,0,0,,Date/Time;
SND_NR;EFE;21116040;31h;HCA;Response,Uplink,TPL=S,M-Bus;231;00h;5;11.05.2023 09:01 invalid 0 summer time 0;0;31.12.22;0;15.02.22;0;0;0;0;0;0;0;0;0;0;0;0;0;0;0;0;0;0;0;0;0;0;0;0;0;0;0;0;0;0;0;00.00.2000 00:00 invalid 0 summer time 0;
Frame Type;Manufacturer;ID;Version;Device Type;TPL-Config;Access Number;Status;Encryption;IV,0,0,0,,Date/Time;IV,0,0,0,,Units HCA;IV,1,0,0,,Date;IV,1,0,0,,Units HCA;IV,2,0,0,,Date;IV,2,0,0,,Units HCA;IV,3,0,0,,Units HCA;IV,4,0,0,,Units HCA;IV,5,0,0,,Units HCA;IV,6,0,0,,Units HCA;IV,7,0,0,,Units HCA;IV,8,0,0,,Units HCA;IV,9,0,0,,Units HCA;IV,10,0,0,,Units HCA;IV,11,0,0,,Units HCA;IV,12,0,0,,Units HCA;IV,13,0,0,,Units HCA;IV,14,0,0,,Units HCA;IV,15,0,0,,Units HCA;IV,16,0,0,,Units HCA;IV,17,0,0,,Units HCA;IV,18,0,0,,Units HCA;IV,19,0,0,,Units HCA;IV,20,0,0,,Units HCA;IV,21,0,0,,Units HCA;IV,22,0,0,,Units HCA;IV,23,0,0,,Units HCA;IV,24,0,0,,Units HCA;IV,25,0,0,,Units HCA;IV,26,0,0,,Units HCA;IV,27,0,0,,Units HCA;IV,28,0,0,,Units HCA;IV,29,0,0,,Units HCA;IV,30,0,0,,Units HCA;IV,31,0,0,,Units HCA;ErrorV,0,0,0,,ManufacturerSpecific;ErrorV,0,0,0,,Date/Time;
SND_NR;EFE;21116047;31h;HCA;Response,Uplink,TPL=S,M-Bus;24;00h;5;11.05.2023 09:01 invalid 0 summer time 0;94;00.00.00;0;15.02.22;0;0;0;0;0;0;0;0;0;0;0;0;0;0;0;0;0;0;0;0;0;0;0;7;23;16;38;3;7;0;0;00.00.2000 00:00 invalid 0 summer time 0;
Frame Type;Manufacturer;ID;Version;Device Type;TPL-Config;Access Number;Status;Encryption;IV,0,0,0,,Date/Time;IV,0,0,0,,Units HCA;IV,1,0,0,,Date;IV,1,0,0,,Units HCA;IV,2,0,0,,Date;IV,2,0,0,,Units HCA;IV,3,0,0,,Units HCA;IV,4,0,0,,Units HCA;IV,5,0,0,,Units HCA;IV,6,0,0,,Units HCA;IV,7,0,0,,Units HCA;IV,8,0,0,,Units HCA;IV,9,0,0,,Units HCA;IV,10,0,0,,Units HCA;IV,11,0,0,,Units HCA;IV,12,0,0,,Units HCA;IV,13,0,0,,Units HCA;IV,14,0,0,,Units HCA;IV,15,0,0,,Units HCA;IV,16,0,0,,Units HCA;IV,17,0,0,,Units HCA;IV,18,0,0,,Units HCA;IV,19,0,0,,Units HCA;IV,20,0,0,,Units HCA;IV,21,0,0,,Units HCA;IV,22,0,0,,Units HCA;IV,23,0,0,,Units HCA;IV,24,0,0,,Units HCA;IV,25,0,0,,Units HCA;IV,26,0,0,,Units HCA;IV,27,0,0,,Units HCA;IV,28,0,0,,Units HCA;IV,29,0,0,,Units HCA;IV,30,0,0,,Units HCA;IV,31,0,0,,Units HCA;ErrorV,0,0,0,,ManufacturerSpecific;ErrorV,0,0,0,,Date/Time;
SND_NR;EFE;21116051;31h;HCA;Response,Uplink,TPL=S,M-Bus;183;00h;5;11.05.2023 09:02 invalid 0 summer time 0;179;00.00.00;0;15.02.22;0;0;0;0;0;0;0;0;0;0;0;0;0;0;0;0;0;0;0;0;0;0;0;0;53;14;69;25;1;17;0;00.00.2000 00:00 invalid 0 summer time 0;
Frame Type;Manufacturer;ID;Version;Device Type;TPL-Config;Access Number;Status;Encryption;IV,0,0,0,,Date/Time;IV,0,0,0,,Units HCA;IV,1,0,0,,Date;IV,1,0,0,,Units HCA;IV,2,0,0,,Date;IV,2,0,0,,Units HCA;IV,3,0,0,,Units HCA;IV,4,0,0,,Units HCA;IV,5,0,0,,Units HCA;IV,6,0,0,,Units HCA;IV,7,0,0,,Units HCA;IV,8,0,0,,Units HCA;IV,9,0,0,,Units HCA;IV,10,0,0,,Units HCA;IV,11,0,0,,Units HCA;IV,12,0,0,,Units HCA;IV,13,0,0,,Units HCA;IV,14,0,0,,Units HCA;IV,15,0,0,,Units HCA;IV,16,0,0,,Units HCA;IV,17,0,0,,Units HCA;IV,18,0,0,,Units HCA;IV,19,0,0,,Units HCA;IV,20,0,0,,Units HCA;IV,21,0,0,,Units HCA;IV,22,0,0,,Units HCA;IV,23,0,0,,Units HCA;IV,24,0,0,,Units HCA;IV,25,0,0,,Units HCA;IV,26,0,0,,Units HCA;IV,27,0,0,,Units HCA;IV,28,0,0,,Units HCA;IV,29,0,0,,Units HCA;IV,30,0,0,,Units HCA;IV,31,0,0,,Units HCA;ErrorV,0,0,0,,ManufacturerSpecific;ErrorV,0,0,0,,Date/Time;
SND_NR;EFE;21116059;31h;HCA;Response,Uplink,TPL=S,M-Bus;221;00h;5;11.05.2023 09:02 invalid 0 summer time 0;72;00.00.00;0;15.02.22;0;0;0;0;0;0;0;0;0;0;0;0;0;0;0;0;0;0;0;0;0;0;0;5;14;7;25;13;3;3;0;00.00.2000 00:00 invalid 0 summer time 0;
Frame Type;Manufacturer;ID;Version;Device Type;TPL-Config;Access Number;Status;Encryption;IV,0,0,0,,Date/Time;IV,0,0,0,,Units HCA;IV,1,0,0,,Date;IV,1,0,0,,Units HCA;IV,2,0,0,,Date;IV,2,0,0,,Units HCA;IV,3,0,0,,Units HCA;IV,4,0,0,,Units HCA;IV,5,0,0,,Units HCA;IV,6,0,0,,Units HCA;IV,7,0,0,,Units HCA;IV,8,0,0,,Units HCA;IV,9,0,0,,Units HCA;IV,10,0,0,,Units HCA;IV,11,0,0,,Units HCA;IV,12,0,0,,Units HCA;IV,13,0,0,,Units HCA;IV,14,0,0,,Units HCA;IV,15,0,0,,Units HCA;IV,16,0,0,,Units HCA;IV,17,0,0,,Units HCA;IV,18,0,0,,Units HCA;IV,19,0,0,,Units HCA;IV,20,0,0,,Units HCA;IV,21,0,0,,Units HCA;IV,22,0,0,,Units HCA;IV,23,0,0,,Units HCA;IV,24,0,0,,Units HCA;IV,25,0,0,,Units HCA;IV,26,0,0,,Units HCA;IV,27,0,0,,Units HCA;IV,28,0,0,,Units HCA;IV,29,0,0,,Units HCA;IV,30,0,0,,Units HCA;IV,31,0,0,,Units HCA;ErrorV,0,0,0,,ManufacturerSpecific;ErrorV,0,0,0,,Date/Time;
SND_NR;EFE;21116075;31h;HCA;Response,Uplink,TPL=S,M-Bus;159;00h;5;11.05.2023 09:02 invalid 0 summer time 0;232;00.00.00;0;15.02.22;0;0;0;0;0;0;0;0;0;0;0;0;0;0;0;0;0;0;0;0;0;0;0;75;83;13;58;3;0;0;0;00.00.2000 00:00 invalid 0 summer time 0;
Frame Type;Manufacturer;ID;Version;Device Type;TPL-Config;Access Number;Status;Encryption;IV,0,0,0,,Date/Time;IV,0,0,0,,Units HCA;IV,1,0,0,,Date;IV,1,0,0,,Units HCA;IV,2,0,0,,Date;IV,2,0,0,,Units HCA;IV,3,0,0,,Units HCA;IV,4,0,0,,Units HCA;IV,5,0,0,,Units HCA;IV,6,0,0,,Units HCA;IV,7,0,0,,Units HCA;IV,8,0,0,,Units HCA;IV,9,0,0,,Units HCA;IV,10,0,0,,Units HCA;IV,11,0,0,,Units HCA;IV,12,0,0,,Units HCA;IV,13,0,0,,Units HCA;IV,14,0,0,,Units HCA;IV,15,0,0,,Units HCA;IV,16,0,0,,Units HCA;IV,17,0,0,,Units HCA;IV,18,0,0,,Units HCA;IV,19,0,0,,Units HCA;IV,20,0,0,,Units HCA;IV,21,0,0,,Units HCA;IV,22,0,0,,Units HCA;IV,23,0,0,,Units HCA;IV,24,0,0,,Units HCA;IV,25,0,0,,Units HCA;IV,26,0,0,,Units HCA;IV,27,0,0,,Units HCA;IV,28,0,0,,Units HCA;IV,29,0,0,,Units HCA;IV,30,0,0,,Units HCA;IV,31,0,0,,Units HCA;ErrorV,0,0,0,,ManufacturerSpecific;ErrorV,0,0,0,,Date/Time;
SND_NR;EFE;21116043;31h;HCA;Response,Uplink,TPL=S,M-Bus;99;00h;5;11.05.2023 09:00 invalid 0 summer time 0;220;31.12.22;183;15.02.22;0;0;0;0;0;0;0;0;0;0;0;0;0;0;0;0;4;2;13;35;91;38;-140;96;17;8;26;12;9;8;0;00.00.2000 00:00 invalid 0 summer time 0;
Frame Type;Manufacturer;ID;Version;Device Type;TPL-Config;Access Number;Status;Encryption;IV,0,0,0,,Date/Time;IV,0,0,0,,Units HCA;IV,1,0,0,,Date;IV,1,0,0,,Units HCA;IV,2,0,0,,Date;IV,2,0,0,,Units HCA;IV,3,0,0,,Units HCA;IV,4,0,0,,Units HCA;IV,5,0,0,,Units HCA;IV,6,0,0,,Units HCA;IV,7,0,0,,Units HCA;IV,8,0,0,,Units HCA;IV,9,0,0,,Units HCA;IV,10,0,0,,Units HCA;IV,11,0,0,,Units HCA;IV,12,0,0,,Units HCA;IV,13,0,0,,Units HCA;IV,14,0,0,,Units HCA;IV,15,0,0,,Units HCA;IV,16,0,0,,Units HCA;IV,17,0,0,,Units HCA;IV,18,0,0,,Units HCA;IV,19,0,0,,Units HCA;IV,20,0,0,,Units HCA;IV,21,0,0,,Units HCA;IV,22,0,0,,Units HCA;IV,23,0,0,,Units HCA;IV,24,0,0,,Units HCA;IV,25,0,0,,Units HCA;IV,26,0,0,,Units HCA;IV,27,0,0,,Units HCA;IV,28,0,0,,Units HCA;IV,29,0,0,,Units HCA;IV,30,0,0,,Units HCA;IV,31,0,0,,Units HCA;ErrorV,0,0,0,,ManufacturerSpecific;ErrorV,0,0,0,,Date/Time;
SND_NR;EFE;21116067;31h;HCA;Response,Uplink,TPL=S,M-Bus;142;00h;5;11.05.2023 09:01 invalid 0 summer time 0;430;00.00.00;0;15.02.22;0;0;0;0;0;0;0;0;0;0;0;0;0;0;0;0;0;0;0;0;0;0;0;17;94;81;89;54;62;29;0;00.00.2000 00:00 invalid 0 summer time 0;
Frame Type;Manufacturer;ID;Version;Device Type;TPL-Config;Access Number;Status;Encryption;IV,0,0,0,,Date/Time;IV,0,0,0,,Units HCA;IV,1,0,0,,Date;IV,1,0,0,,Units HCA;IV,2,0,0,,Date;IV,2,0,0,,Units HCA;IV,3,0,0,,Units HCA;IV,4,0,0,,Units HCA;IV,5,0,0,,Units HCA;IV,6,0,0,,Units HCA;IV,7,0,0,,Units HCA;IV,8,0,0,,Units HCA;IV,9,0,0,,Units HCA;IV,10,0,0,,Units HCA;IV,11,0,0,,Units HCA;IV,12,0,0,,Units HCA;IV,13,0,0,,Units HCA;IV,14,0,0,,Units HCA;IV,15,0,0,,Units HCA;IV,16,0,0,,Units HCA;IV,17,0,0,,Units HCA;IV,18,0,0,,Units HCA;IV,19,0,0,,Units HCA;IV,20,0,0,,Units HCA;IV,21,0,0,,Units HCA;IV,22,0,0,,Units HCA;IV,23,0,0,,Units HCA;IV,24,0,0,,Units HCA;IV,25,0,0,,Units HCA;IV,26,0,0,,Units HCA;IV,27,0,0,,Units HCA;IV,28,0,0,,Units HCA;IV,29,0,0,,Units HCA;IV,30,0,0,,Units HCA;IV,31,0,0,,Units HCA;ErrorV,0,0,0,,ManufacturerSpecific;ErrorV,0,0,0,,Date/Time;
SND_NR;EFE;21116069;31h;HCA;Response,Uplink,TPL=S,M-Bus;69;00h;5;11.05.2023 09:01 invalid 0 summer time 0;0;00.00.00;0;15.02.22;0;0;0;0;0;0;0;0;0;0;0;0;0;0;0;0;0;0;0;0;0;0;0;0;0;0;0;0;0;0;0;00.00.2000 00:00 invalid 0 summer time 0;
Frame Type;Manufacturer;ID;Version;Device Type;TPL-Config;Access Number;Status;Encryption;IV,0,0,0,,Date/Time;IV,0,0,0,,Units HCA;IV,1,0,0,,Date;IV,1,0,0,,Units HCA;IV,2,0,0,,Date;IV,2,0,0,,Units HCA;IV,3,0,0,,Units HCA;IV,4,0,0,,Units HCA;IV,5,0,0,,Units HCA;IV,6,0,0,,Units HCA;IV,7,0,0,,Units HCA;IV,8,0,0,,Units HCA;IV,9,0,0,,Units HCA;IV,10,0,0,,Units HCA;IV,11,0,0,,Units HCA;IV,12,0,0,,Units HCA;IV,13,0,0,,Units HCA;IV,14,0,0,,Units HCA;IV,15,0,0,,Units HCA;IV,16,0,0,,Units HCA;IV,17,0,0,,Units HCA;IV,18,0,0,,Units HCA;IV,19,0,0,,Units HCA;IV,20,0,0,,Units HCA;IV,21,0,0,,Units HCA;IV,22,0,0,,Units HCA;IV,23,0,0,,Units HCA;IV,24,0,0,,Units HCA;IV,25,0,0,,Units HCA;IV,26,0,0,,Units HCA;IV,27,0,0,,Units HCA;IV,28,0,0,,Units HCA;IV,29,0,0,,Units HCA;IV,30,0,0,,Units HCA;IV,31,0,0,,Units HCA;ErrorV,0,0,0,,ManufacturerSpecific;ErrorV,0,0,0,,Date/Time;
SND_NR;EFE;21116046;31h;HCA;Response,Uplink,TPL=S,M-Bus;182;00h;5;11.05.2023 09:02 invalid 0 summer time 0;235;31.12.22;89;15.02.22;0;0;0;0;0;0;0;0;0;0;0;0;0;0;0;0;0;0;4;13;39;33;-62;59;52;43;27;12;10;4;0;00.00.2000 00:00 invalid 0 summer time 0;
Frame Type;Manufacturer;ID;Version;Device Type;TPL-Config;Access Number;Status;Encryption;IV,0,0,0,,Date/Time;IV,0,0,0,,Units HCA;IV,1,0,0,,Date;IV,1,0,0,,Units HCA;IV,2,0,0,,Date;IV,2,0,0,,Units HCA;IV,3,0,0,,Units HCA;IV,4,0,0,,Units HCA;IV,5,0,0,,Units HCA;IV,6,0,0,,Units HCA;IV,7,0,0,,Units HCA;IV,8,0,0,,Units HCA;IV,9,0,0,,Units HCA;IV,10,0,0,,Units HCA;IV,11,0,0,,Units HCA;IV,12,0,0,,Units HCA;IV,13,0,0,,Units HCA;IV,14,0,0,,Units HCA;IV,15,0,0,,Units HCA;IV,16,0,0,,Units HCA;IV,17,0,0,,Units HCA;IV,18,0,0,,Units HCA;IV,19,0,0,,Units HCA;IV,20,0,0,,Units HCA;IV,21,0,0,,Units HCA;IV,22,0,0,,Units HCA;IV,23,0,0,,Units HCA;IV,24,0,0,,Units HCA;IV,25,0,0,,Units HCA;IV,26,0,0,,Units HCA;IV,27,0,0,,Units HCA;IV,28,0,0,,Units HCA;IV,29,0,0,,Units HCA;IV,30,0,0,,Units HCA;IV,31,0,0,,Units HCA;ErrorV,0,0,0,,ManufacturerSpecific;ErrorV,0,0,0,,Date/Time;
SND_NR;EFE;21116076;31h;HCA;Response,Uplink,TPL=S,M-Bus;53;00h;5;11.05.2023 09:01 invalid 0 summer time 0;361;00.00.00;0;15.02.22;0;0;0;0;0;0;0;0;0;0;0;0;0;0;0;0;0;0;0;0;0;0;0;45;31;46;93;61;42;41;0;00.00.2000 00:00 invalid 0 summer time 0;
Frame Type;Manufacturer;ID;Version;Device Type;TPL-Config;Access Number;Status;Encryption;IV,0,0,0,,Date/Time;IV,0,0,0,,Units HCA;IV,1,0,0,,Date;IV,1,0,0,,Units HCA;IV,2,0,0,,Date;IV,2,0,0,,Units HCA;IV,3,0,0,,Units HCA;IV,4,0,0,,Units HCA;IV,5,0,0,,Units HCA;IV,6,0,0,,Units HCA;IV,7,0,0,,Units HCA;IV,8,0,0,,Units HCA;IV,9,0,0,,Units HCA;IV,10,0,0,,Units HCA;IV,11,0,0,,Units HCA;IV,12,0,0,,Units HCA;IV,13,0,0,,Units HCA;IV,14,0,0,,Units HCA;IV,15,0,0,,Units HCA;IV,16,0,0,,Units HCA;IV,17,0,0,,Units HCA;IV,18,0,0,,Units HCA;IV,19,0,0,,Units HCA;IV,20,0,0,,Units HCA;IV,21,0,0,,Units HCA;IV,22,0,0,,Units HCA;IV,23,0,0,,Units HCA;IV,24,0,0,,Units HCA;IV,25,0,0,,Units HCA;IV,26,0,0,,Units HCA;IV,27,0,0,,Units HCA;IV,28,0,0,,Units HCA;IV,29,0,0,,Units HCA;IV,30,0,0,,Units HCA;IV,31,0,0,,Units HCA;ErrorV,0,0,0,,ManufacturerSpecific;ErrorV,0,0,0,,Date/Time;
SND_NR;EFE;21116063;31h;HCA;Response,Uplink,TPL=S,M-Bus;232;00h;5;11.05.2023 09:03 invalid 0 summer time 0;814;00.00.00;0;15.02.22;0;0;0;0;0;0;0;0;0;0;0;0;0;0;0;0;0;0;0;0;0;0;28;137;121;102;118;111;99;78;0;00.00.2000 00:00 invalid 0 summer time 0;
Frame Type;Manufacturer;ID;Version;Device Type;TPL-Config;Access Number;Status;Encryption;IV,0,0,0,,Date/Time;IV,0,0,0,,Units HCA;IV,1,0,0,,Date;IV,1,0,0,,Units HCA;IV,2,0,0,,Date;IV,2,0,0,,Units HCA;IV,3,0,0,,Units HCA;IV,4,0,0,,Units HCA;IV,5,0,0,,Units HCA;IV,6,0,0,,Units HCA;IV,7,0,0,,Units HCA;IV,8,0,0,,Units HCA;IV,9,0,0,,Units HCA;IV,10,0,0,,Units HCA;IV,11,0,0,,Units HCA;IV,12,0,0,,Units HCA;IV,13,0,0,,Units HCA;IV,14,0,0,,Units HCA;IV,15,0,0,,Units HCA;IV,16,0,0,,Units HCA;IV,17,0,0,,Units HCA;IV,18,0,0,,Units HCA;IV,19,0,0,,Units HCA;IV,20,0,0,,Units HCA;IV,21,0,0,,Units HCA;IV,22,0,0,,Units HCA;IV,23,0,0,,Units HCA;IV,24,0,0,,Units HCA;IV,25,0,0,,Units HCA;IV,26,0,0,,Units HCA;IV,27,0,0,,Units HCA;IV,28,0,0,,Units HCA;IV,29,0,0,,Units HCA;IV,30,0,0,,Units HCA;IV,31,0,0,,Units HCA;ErrorV,0,0,0,,ManufacturerSpecific;ErrorV,0,0,0,,Date/Time;
SND_NR;EFE;11291059;31h;HCA;Response,Uplink,TPL=S,M-Bus;235;00h;5;11.05.2023 09:01 invalid 0 summer time 0;0;00.00.00;0;15.02.22;0;0;0;0;0;0;0;0;0;0;0;0;0;0;0;0;0;0;0;0;0;0;0;0;0;0;0;0;0;0;0;00.00.2000 00:00 invalid 0 summer time 0;
Frame Type;Manufacturer;ID;Version;Device Type;TPL-Config;Access Number;Status;Encryption;IV,0,0,0,,Date/Time;IV,0,0,0,,Units HCA;IV,1,0,0,,Date;IV,1,0,0,,Units HCA;IV,2,0,0,,Date;IV,2,0,0,,Units HCA;IV,3,0,0,,Units HCA;IV,4,0,0,,Units HCA;IV,5,0,0,,Units HCA;IV,6,0,0,,Units HCA;IV,7,0,0,,Units HCA;IV,8,0,0,,Units HCA;IV,9,0,0,,Units HCA;IV,10,0,0,,Units HCA;IV,11,0,0,,Units HCA;IV,12,0,0,,Units HCA;IV,13,0,0,,Units HCA;IV,14,0,0,,Units HCA;IV,15,0,0,,Units HCA;IV,16,0,0,,Units HCA;IV,17,0,0,,Units HCA;IV,18,0,0,,Units HCA;IV,19,0,0,,Units HCA;IV,20,0,0,,Units HCA;IV,21,0,0,,Units HCA;IV,22,0,0,,Units HCA;IV,23,0,0,,Units HCA;IV,24,0,0,,Units HCA;IV,25,0,0,,Units HCA;IV,26,0,0,,Units HCA;IV,27,0,0,,Units HCA;IV,28,0,0,,Units HCA;IV,29,0,0,,Units HCA;IV,30,0,0,,Units HCA;IV,31,0,0,,Units HCA;ErrorV,0,0,0,,ManufacturerSpecific;ErrorV,0,0,0,,Date/Time;
SND_NR;EFE;21116077;31h;HCA;Response,Uplink,TPL=S,M-Bus;17;00h;5;11.05.2023 09:04 invalid 0 summer time 0;34;00.00.00;0;15.02.22;0;0;0;0;0;0;0;0;0;0;0;0;0;0;0;0;0;0;0;0;0;0;0;15;7;3;7;1;1;0;0;00.00.2000 00:00 invalid 0 summer time 0;
«File completely written»
